drop table BuyItem;
create table BuyItem(id integer PRIMARY KEY NOT NULL,item,base_gold,step_gold,discount,descTxt,count,infinite_life,infinite_time);
insert into BuyItem values (1,101,10,0,1,1001,0,0,0);
insert into BuyItem values (2,102,50,50,1,1001,1,0,0);
insert into BuyItem values (3,0,50,0,1,1001,0,1,1);
insert into BuyItem values (4,0,100,0,1,1001,0,1,3);
insert into BuyItem values (5,0,200,0,1,1001,0,1,7);
insert into BuyItem values (6,0,400,0,1,1001,0,1,30);
insert into BuyItem values (7,301,10,5,1,3001,1,0,0);
insert into BuyItem values (10,302,15,10,1,3002,1,0,0);
insert into BuyItem values (13,303,10,5,1,3003,1,0,0);
insert into BuyItem values (16,304,25,0,1,3004,1,0,0);
insert into BuyItem values (19,305,20,0,1,3005,1,0,0);drop table ChapterInfo;
create table ChapterInfo(id integer PRIMARY KEY NOT NULL,locks,condition,map_res,bg_res);
insert into ChapterInfo values (1,0,0,0,0);
insert into ChapterInfo values (2,1,30,0,0);
insert into ChapterInfo values (3,1,70,0,0);drop table GameStr;
create table GameStr(id integer PRIMARY KEY NOT NULL,guid_text);
insert into GameStr values (1001,'Collect all the tiles.');
insert into GameStr values (1002,'Seek the chocolates.');
insert into GameStr values (3001,'You can shuffle tiles instantly anytime. ');
insert into GameStr values (3002,'You can remove 5 random pairs of tiles immediately.');
insert into GameStr values (3003,'You can add 30 seconds immediately.');
insert into GameStr values (3004,'You can instantly collect all the diamonds.');
insert into GameStr values (3005,'You can instantly unlock all the tiles.');drop table ImgRes;
create table ImgRes(id integer PRIMARY KEY NOT NULL,describe,img_res);
insert into ImgRes values (10001,'麻将ma j','');
insert into ImgRes values (10002,'麻将ma j','');
insert into ImgRes values (20001,'道具dao ju','');
insert into ImgRes values (20002,'道具dao ju','');
insert into ImgRes values (30001,'大地图da di tu','');
insert into ImgRes values (30002,'大地图da di tu','');
insert into ImgRes values (40001,'场景物件chang jing wu jian','');
insert into ImgRes values (40002,'场景物件chang jing wu jian','');
insert into ImgRes values (50001,'战斗背景zhan dou bei j','');
insert into ImgRes values (50002,'战斗背景zhan dou bei j','');drop table Item;
create table Item(id integer PRIMARY KEY NOT NULL,name,img_res,img_gray,animation,gamestr);
insert into Item values (101,'Life',0,0,'0','');
insert into Item values (201,'Gold',0,0,'0','');
insert into Item values (301,'Redraw',0,0,'0','3001');
insert into Item values (302,'Bomb',0,0,'0','3002');
insert into Item values (303,'Clock',0,0,'0','3003');
insert into Item values (304,'Jewel',0,0,'0','3004');
insert into Item values (305,'Unchain',0,0,'0','3005');
insert into Item values (102,'MaxLife',0,0,'0','');drop table Payment;
create table Payment(id integer PRIMARY KEY NOT NULL,gold,discount,text,item,count,infinite_life,infinite_time);
insert into Payment values (1,10,1,1001,101,0,0,0);
insert into Payment values (2,50,1,1001,102,1,0,0);
insert into Payment values (3,50,1,1001,0,0,1,1);
insert into Payment values (4,100,1,1001,0,0,1,3);
insert into Payment values (5,200,1,1001,0,0,1,7);
insert into Payment values (6,400,1,1001,0,0,1,30);
insert into Payment values (7,9,1,3001,301,1,0,0);
insert into Payment values (8,25,1,3001,301,3,0,0);
insert into Payment values (9,70,1,3001,301,9,0,0);
insert into Payment values (10,9,1,3002,302,1,0,0);
insert into Payment values (11,25,1,3002,302,3,0,0);
insert into Payment values (12,70,1,3002,302,9,0,0);
insert into Payment values (13,9,1,3003,303,1,0,0);
insert into Payment values (14,25,1,3003,303,3,0,0);
insert into Payment values (15,70,1,3003,303,9,0,0);
insert into Payment values (16,27,1,3004,304,1,0,0);
insert into Payment values (17,72,1,3004,304,3,0,0);
insert into Payment values (18,200,1,3004,304,9,0,0);
insert into Payment values (19,18,1,3005,305,1,0,0);
insert into Payment values (20,45,1,3005,305,3,0,0);
insert into Payment values (21,120,1,3005,305,9,0,0);drop table Shop;
create table Shop(id integer PRIMARY KEY NOT NULL,type,product_code,usd,benefit,limit_pur,img_res,text,size,item1,count1,item2,count2,item3,count3,item4,count4,infinite_life,infinite_time);
insert into Shop values (101,1,'mj.coin.20',1.99,0,0,0,1001,1,201,20,0,0,0,0,0,0,0,0);
insert into Shop values (102,1,'mj.coin.60',4.99,0.2,0,0,1002,1,201,50,0,0,0,0,0,0,0,0);
insert into Shop values (103,1,'mj.coin.130',9.99,0.4,0,0,1002,1,201,100,0,0,0,0,0,0,0,0);
insert into Shop values (104,1,'mj.coin.280',19.99,0.5,0,0,1002,1,201,200,0,0,0,0,0,0,0,0);
insert into Shop values (105,1,'mj.coin.750',49.99,0.6,0,0,1002,1,201,500,0,0,0,0,0,0,0,0);
insert into Shop values (106,1,'mj.coin.1600',99.99,0.8,0,0,1002,1,201,1000,0,0,0,0,0,0,0,0);
insert into Shop values (201,2,'mj.bag.small',9.99,0.8,0,0,1001,3,201,60,301,5,302,3,0,0,1,1);
insert into Shop values (202,2,'mj.bag.middle',14.99,1.7,0,0,1001,3,201,140,301,10,303,4,0,0,1,3);
insert into Shop values (203,2,'mj.bag.big',24.99,2.25,0,0,1001,3,201,300,301,20,304,5,0,0,1,7);drop table Stage;
create table Stage(id integer PRIMARY KEY NOT NULL,chapter,type,mahjong_cnt,chocolate_cnt,jewel_all,collect_order,count_down,lock_key,deadpoint_all,deadpoint_I,deadpoint_X,score1,score2,score3,reward,count,guide_if,guide_id,background);
insert into Stage values (1,1,1,20,0,'0','0',0,0,'0|0',0,0,60,120,150,0,0,0,'0','Texture/Paint/img_Scene01');
insert into Stage values (2,1,1,20,0,'0','0',0,0,'0|0',0,0,60,120,160,0,0,0,'0','Texture/Paint/img_Scene01');
insert into Stage values (3,1,1,26,0,'0','0',0,0,'0|1(eyes & nose)',0,1,60,120,200,0,0,0,'0','Texture/Paint/img_Scene01');
insert into Stage values (4,1,2,48,2,'0','0',0,0,'0|0',0,0,100,220,400,0,0,0,'0','Texture/Paint/img_Scene01');
insert into Stage values (5,1,1,30,0,'0','0',0,0,'3|0 (bottom)',3,0,80,140,280,0,0,0,'0','Texture/Paint/img_Scene01');
insert into Stage values (6,1,1,90,0,'0','0',0,0,'1|2',0,1,200,400,800,0,0,0,'0','Texture/Paint/img_Scene01');
insert into Stage values (7,1,5,76,0,'0','0',1800,0,'0|0',0,0,0,600,1200,0,0,0,'0','Texture/Paint/img_Scene01');
insert into Stage values (8,1,6,102,2,'0','0',360,0,'2|2',1,1,0,90,150,0,0,0,'0','Texture/Paint/img_Scene01');
insert into Stage values (9,1,1,64,0,'0','0',0,0,'0|0',0,0,500,1000,2000,0,0,0,'0','Texture/Paint/img_Scene01');
insert into Stage values (10,1,1,52,0,'0','0',0,0,'0|0',0,0,380,800,1600,0,0,0,'0','Texture/Paint/img_Scene01');
insert into Stage values (11,1,5,86,0,'0','0',180,0,'2|2',1,1,0,40,90,0,0,0,'0','Texture/Paint/img_Scene01');
insert into Stage values (12,1,1,144,0,'0','0',0,0,'2|3',1,2,900,1600,3200,0,0,0,'0','Texture/Paint/img_Scene01');
insert into Stage values (13,1,2,108,2,'0','0',0,0,'0|3',0,0,600,1400,3400,0,0,0,'0','Texture/Paint/img_Scene01');
insert into Stage values (14,1,5,144,0,'0','0',240,0,'2|3',1,1,0,40,90,0,0,0,'0','Texture/Paint/img_Scene01');
insert into Stage values (15,1,6,144,2,'0','0',360,0,'3|3',2,2,0,60,150,0,0,0,'0','Texture/Paint/img_Scene01');
insert into Stage values (16,2,1,76,0,'0','0',0,0,'0|2',0,0,600,1000,2000,0,0,0,'0','Texture/Paint/img_Scene02');
insert into Stage values (17,2,5,122,0,'0','0',300,0,'3|2',1,1,0,40,150,0,0,0,'0','Texture/Paint/img_Scene02');
insert into Stage values (18,2,1,96,0,'0','0',0,0,'2|3',1,2,1000,1600,2800,0,0,0,'0','Texture/Paint/img_Scene02');
insert into Stage values (19,2,3,90,0,'1','1',0,0,'2|2',0,0,900,1500,2400,0,0,0,'0','Texture/Paint/img_Scene02');
insert into Stage values (20,2,3,56,0,'1|1|4','4|1',0,0,'2|2',1,1,600,1000,1980,0,0,0,'0','Texture/Paint/img_Scene02');
insert into Stage values (21,2,1,104,0,'0','0',0,0,'3|3',2,1,800,1800,3200,0,0,0,'0','Texture/Paint/img_Scene02');
insert into Stage values (22,2,2,136,2,'0','0',0,0,'2|2',0,0,1000,2000,3800,0,0,0,'0','Texture/Paint/img_Scene02');
insert into Stage values (23,2,3,120,0,'1|1|2|3|3','3|2|1',0,0,'3|3',2,2,920,1800,3200,0,0,0,'0','Texture/Paint/img_Scene02');
insert into Stage values (24,2,1,144,0,'0','0',0,0,'3|3',2,3,1200,2000,4000,0,0,0,'0','Texture/Paint/img_Scene02');
insert into Stage values (25,2,5,72,0,'0','0',120,0,'0|3',0,0,0,20,60,0,0,0,'0','Texture/Paint/img_Scene02');
insert into Stage values (26,2,4,72,2,'1|2|2|3','3|2|1',0,0,'0|4',0,2,400,1000,1800,0,0,0,'0','Texture/Paint/img_Scene02');
insert into Stage values (27,2,1,88,0,'0','0',0,0,'2|4',1,2,900,1500,2800,0,0,0,'0','Texture/Paint/img_Scene02');
insert into Stage values (28,2,2,78,2,'0','0',0,0,'0|2',0,0,900,1500,2600,0,0,0,'0','Texture/Paint/img_Scene02');
insert into Stage values (29,2,6,144,2,'0','0',300,0,'3|3',2,2,0,50,160,0,0,0,'0','Texture/Paint/img_Scene02');
insert into Stage values (30,2,4,144,2,'1|1|2|2|3','2|3|1|2',0,0,'4|4',2,3,1260,2400,4000,0,0,0,'0','Texture/Paint/img_Scene02');
insert into Stage values (31,3,1,76,0,'0','0',0,0,'0|3',0,0,1000,1600,2400,0,0,0,'0','Texture/Paint/img_Scene03');
insert into Stage values (32,3,5,120,0,'0','0',300,0,'2|3',2,1,0,80,150,0,0,0,'0','Texture/Paint/img_Scene03');
insert into Stage values (33,3,3,124,0,'1|2|2|3|3|4','3|1|2|4',0,0,'3|3',1,2,1200,2200,3200,0,0,0,'0','Texture/Paint/img_Scene03');
insert into Stage values (34,3,2,92,2,'0','0',0,0,'4|3',0,0,1200,2000,3000,0,0,0,'0','Texture/Paint/img_Scene03');
insert into Stage values (35,3,6,138,2,'0','0',300,0,'5|4',2,2,0,60,150,0,0,0,'0','Texture/Paint/img_Scene03');
insert into Stage values (36,3,1,144,0,'0','0',0,0,'2|3',0,0,1000,2400,4800,0,0,0,'0','Texture/Paint/img_Scene03');
insert into Stage values (37,3,3,124,0,'2|2|3|4','4|2|3|2',0,0,'3|2',0,0,1200,2400,3800,0,0,0,'0','Texture/Paint/img_Scene03');
insert into Stage values (38,3,2,138,2,'0','0',0,0,'3|4',2,3,1400,2400,4000,0,0,0,'0','Texture/Paint/img_Scene03');
insert into Stage values (39,3,1,144,0,'0','0',0,0,'3|3',3,2,1200,3000,3800,0,0,0,'0','Texture/Paint/img_Scene03');
insert into Stage values (40,3,5,90,0,'0','0',240,0,'1|2',0,0,0,60,160,0,0,0,'0','Texture/Paint/img_Scene03');
insert into Stage values (41,3,4,144,2,'1|2|3|3','1|3|2|3',0,0,'3|2',0,0,1200,2200,4000,0,0,0,'0','Texture/Paint/img_Scene03');
insert into Stage values (42,3,1,144,0,'0','0',0,0,'4|3',2,2,1500,2400,4400,0,0,0,'0','Texture/Paint/img_Scene03');
insert into Stage values (43,3,6,124,2,'0','0',360,0,'5|3',1,1,0,130,240,0,0,0,'0','Texture/Paint/img_Scene03');
insert into Stage values (44,3,3,132,0,'1|1|2|3|4','2|3|1|4',0,0,'5|4',2,3,1500,2500,4000,0,0,0,'0','Texture/Paint/img_Scene03');
insert into Stage values (45,3,3,144,0,'2|3|3|4|4','3|2|3|4',0,0,'4|4',3,4,800,2600,4200,0,0,0,'0','Texture/Paint/img_Scene03');drop table Tips;
create table Tips(id integer PRIMARY KEY NOT NULL,name);
insert into Tips values (1,'Mahjong is a tile-based game that originated in China during the Qing dynasty.');
insert into Tips values (2,'Mahjong is played with a set of 144 tiles based on Chinese elements.');
insert into Tips values (3,'There are 3 different suits of simples tiles: bamboos, dots and characters.');
insert into Tips values (4,'In each suit of Mahjong the tiles are numbered from 1 to 9.');
insert into Tips values (5,'There are two different sets of Honors tiles: Winds and Dragons.');
insert into Tips values (6,'Winds are East, South, West and North. Dragons are Red, Green and White.');
insert into Tips values (7,'There are two sets of bonus tiles: Flowers and Seasons.');
insert into Tips values (8,'Flowers: Plum, Orchid, Chrysanthemum, Bamboo. They can be matched by anyother flower tiles.');
insert into Tips values (9,'Seasons: Spring, Summer, Autumn, Winter. They can be matched by anyother season tiles.');